Employee_Id,Employee_Name,Phone_Number,Department_Id,Adress,Login_Id,Username,Password
1,Sibylle Cragell,532-417-2946,2,05632 Scott Drive,1,scragell0,2Kxd4bul
2,Drew Twaits,762-282-5866,2,46 Jay Center,2,dtwaits1,IcYsa1qhe958
3,Angelique Barrows,689-280-3140,3,26 4th Park,3,abarrows2,GVmnxqppchE
4,Millisent Shergill,550-414-7878,5,33 Memorial Center,4,mshergill3,DX4yIbKaL
5,Ebba Wyleman,185-783-6058,4,117 8th Circle,5,ewyleman4,sE2b4jy
6,Marietta Haton,837-962-3758,10,4184 Springview Court,6,mhaton5,uqQkHzaGM
7,Valerye Stredwick,864-930-1625,3,78709 Loeprich Trail,7,vstredwick6,0rfxEfpdE
8,Bertha Guerrazzi,805-102-9103,4,828 Porter Terrace,8,bguerrazzi7,kYra3Gjo2wjf
9,Jacquelynn Loche,357-737-1252,7,53 La Follette Junction,9,jloche8,lIvY8nOZ
10,Ania Grangier,717-320-7213,9,5026 Mayfield Place,10,agrangier9,3RxLhEAf
11,Vivyanne Devereu,824-551-6311,6,34794 Emmet Place,11,vdevereua,YQXQtbbKs
12,Leda Illing,466-532-4329,2,1149 Mifflin Junction,12,lillingb,ZxkGAS
13,Muffin Pie,279-557-4076,8,835 Thompson Park,13,mpiec,ysJrMfrE
14,Bertha Woodruff,300-572-2461,2,5162 Vernon Terrace,14,bwoodruffd,e9pIdOffZ2uh
15,Jacklin Taleworth,816-288-6576,1,7434 Kropf Street,15,jtaleworthe,JeZlu8
16,Joice Limmer,253-395-3437,9,4465 Portage Trail,16,jlimmerf,Xt6cvHu
17,Rosa Boissier,568-810-9199,8,87 Shasta Street,17,rboissierg,jZgEmb1dKEl4
18,Stace Mitchenson,990-637-9708,2,857 Welch Center,18,smitchensonh,2Qgpwy7mzy
19,Corabel Siehard,269-136-7458,10,36 Nobel Junction,19,csiehardi,0IQTRf
20,Ros Ferroli,259-700-1263,9,422 Burning Wood Street,20,rferrolij,YVY3Za4EJ4zZ
21,Star Drayton,342-137-9176,2,8 Division Road,21,sdraytonk,hiwdZNg
22,Holt Jurek,198-840-9874,2,319 Summit Road,22,hjurekl,rnmMxe
23,Ethe Earpe,316-392-8194,1,0276 Shopko Pass,23,eearpem,goa8pLA
24,Killie Koppke,644-415-9177,6,0 Transport Park,24,kkoppken,oOBYBLAQED
25,Anet Shortall,900-976-7639,8,925 Stephen Crossing,25,ashortallo,AnG1zf8VA3
26,Issy Wurz,485-619-9085,9,66 Kensington Road,26,iwurzp,Dbqb5ggVN3Q
27,Thedric Shoubridge,879-785-4223,8,8 Crownhardt Lane,27,tshoubridgeq,oxYHxAYo
28,Diane-marie Hammor,641-592-7256,3,1689 Hooker Alley,28,dhammorr,bB9sto
29,Jareb MacCambridge,239-629-9724,2,09156 Cordelia Way,29,jmaccambridges,joCc9K
30,Hedda Charrier,330-908-8984,6,6 Kenwood Road,30,hcharriert,Men3Gq
31,Zaccaria Andric,692-257-6029,7,607 Utah Way,31,zandricu,qzNk7bAQ4N
32,Giulietta Bohlin,911-986-1427,6,8 Dakota Terrace,32,gbohlinv,5sr0vtgqF
33,Miguelita Bohlmann,105-599-4459,2,6 Ramsey Pass,33,mbohlmannw,hFCH9JdWE
34,Rica Davidson,332-402-2689,10,433 Oxford Court,34,rdavidsonx,HcRbTC4t
35,Lian Birks,915-183-1774,4,6 Springs Lane,35,lbirksy,h7nTOQi
36,Skyler Pasmore,450-781-2916,5,493 Shelley Point,36,spasmorez,japcx1dzAyhl
37,Mureil Pessolt,749-927-5509,2,2596 Chinook Parkway,37,mpessolt10,UXT3jn3aP
38,Ofella Chalker,158-255-3301,10,0612 Amoth Junction,38,ochalker11,cgVr56QW9T95
39,Candice Loudwell,815-845-8057,8,9 Talmadge Point,39,cloudwell12,ucLTMa3jUmK2
40,Dorette Berka,195-900-7299,1,417 Forest Dale Point,40,dberka13,6tj35OQxJ
41,Onida Pleasants,463-818-1144,7,6 Sloan Road,41,opleasants14,AV45MWf
42,Inesita Leverette,832-741-7352,1,47 Transport Center,42,ileverette15,EZVzu3QYbVH
43,Gae Phizackarley,712-334-8497,6,1278 Huxley Alley,43,gphizackarley16,MCIJDN
44,Lissa Reiach,327-975-6776,1,8 Saint Paul Drive,44,lreiach17,c3BS2q1yAjUb
45,Carlynn St. Quentin,730-158-5270,8,2 Anniversary Avenue,45,cst18,Tq4NiXc4
46,Licha Bayless,514-591-8748,1,9 Roxbury Avenue,46,lbayless19,fqKoVHRl6
47,Vanny Colleck,395-818-7470,10,9 Sunnyside Terrace,47,vcolleck1a,6befSgfsDkWH
48,Rodolphe Helwig,425-650-6289,3,757 Summer Ridge Plaza,48,rhelwig1b,aZLhpZiUp
49,Malanie Rowston,856-755-0166,5,6 Comanche Parkway,49,mrowston1c,1x0y70eW
50,Brig McMeekin,379-411-5322,10,3845 Stuart Circle,50,bmcmeekin1d,mVL6CoM
